OID_,PageSpot,Label,Page,Spot,Active,CreationDa,Notes,RouteSort,SpotType,Route,SID,POINT_X,POINT_Y
0,1.2,South 21st Street SE,1,2,1,, ,1.000000000000000,LC(G),1,1,860925.063484000042081,1174369.672710000071675
1,1.4,East 4th Court,1,4,1,, ,3.000000000000000,LC(G),1,2,861132.333082000026479,1174486.743010000092909
2,1.3,North End 4th Court,1,3,1,, ,2.000000000000000,LC(G),1,6,860645.173294999985956,1174825.515300000086427
3,1.11,5th Ave Ditch,1,11,1,, ,16.000000000000000,LC(G),1,7,861778.869191000005230,1174995.556630000006407
4,1.60,Trailer Park Woods,1,60,1,, ,17.000000000000000,LC(G),1,8,861691.486492000054568,1175678.597910000011325
5,14.34,North 69 Street Ditch,14,34,1,, ,13.000000000000000,LC(G),2,9,844446.409094000002369,1231196.441959999967366
6,14.2,Half Grove,14,2,1,, ,14.000000000000000,LC(A),2,11,844872.256668000016361,1232565.228600000031292
7,14.3,73 Street Grv South,14,3,1,, ,16.000000000000000,LC(G),2,16,843791.349707999965176,1233510.997699999948964
8,1.74,Pump Station Crossing,1,74,1,, ,29.000000000000000,LC(A),1,23,861697.350325000006706,1177708.626660000067204
9,1.71,North Garden Grove Ditch,1,71,1,, ,26.000000000000000,LC(G),1,26,860487.077483000000939,1177829.385609999997541
10,1.64,South Bill's Pines,1,64,1,, ,19.000000000000000,LC(G),1,29,863743.213033000007272,1174705.097890000091866
11,1.66,Club House Woods,1,66,1,, ,23.000000000000000,LC(G),1,30,861773.686787000042386,1176373.883589999983087
12,1.68,Bill's Grove,1,68,1,, ,25.000000000000000,LC(G),1,31,859544.035077000036836,1177429.534370000008494
13,41.31,Mangrove Edge,41,31,1,, ,113.000000000000000,LC(G),2,32,843398.065718000056222,1244969.944940000073984
14,1.18,Grove Isle Woods,1,18,1,, ,33.000000000000000,LC(A),1,35,861715.559278000029735,1178779.169139999896288
15,1.69,Grove Isle Low Area,1,69,1,, ,36.000000000000000,LC(A),1,36,861333.782155000022613,1179135.377739999908954
16,1.16,Grove Isle Pines,1,16,1,, ,35.000000000000000,LC(A),1,38,860161.682136000017636,1178343.617839999962598
17,1.75,Grove Isle Swales,1,75,1,, ,32.000000000000000,LC(G),1,39,860213.466153000015765,1179212.694519999902695
18,2.35,Grove Isle North Ditch,2,35,1,, ,38.000000000000000,LC(G),1,40,860080.764647000003606,1180283.146449999883771
19,2.3,12th Street SE Ditch,2,3,1,, ,39.000000000000000,LC(G),1,41,858703.738200000021607,1180448.336409999988973
20,2.2,NW 12th Street,2,2,1,, ,40.000000000000000,LC(G),1,42,859718.354937999974936,1180517.648929999908432
21,2.4,NE 12th Street,2,4,1,, ,41.000000000000000,LC(A),1,43,860413.628811000031419,1181201.453669999958947
22,2.6,West 1st Court,2,6,1,, ,42.000000000000000,LC(G),1,44,858879.460945999948308,1180944.363959999987856
23,2.7,11th Place Ditch,2,7,1,, ,44.000000000000000,LC(G),1,45,858669.854081999976188,1180897.296139999991283
24,2.36,1st Avenue SW Ditch,2,36,1,, ,43.000000000000000,LC(G),1,46,858157.472231999970973,1181241.907330000074580
25,2.10,Tanglewood East,2,10,1,, ,47.000000000000000,LC(G),1,47,859233.815552999963984,1181880.034990000072867
26,2.1,Tanglewood Pond,2,1,1,, ,45.000000000000000,LC(G),1,49,858465.999502000049688,1182546.013640000019222
27,2.39,Oslo Marsh,2,39,1,, ,52.000000000000000,LC(A),1,52,860796.662165999994613,1183088.612290000077337
28,2.37,Publix Plaza Woods,2,37,1,, ,53.000000000000000,LC(G),1,53,858161.798338999971747,1184443.810370000079274
29,2.43,Wachovia Ditch,2,43,1,, ,58.000000000000000,LC(G),1,54,856785.948728000046685,1188019.739569999976084
30,4.47,Jungle Gardens Ditches,4,47,1,, ,84.000000000000000,LC(G),1,56,858366.135201000026427,1191714.423789999913424
31,4.10,Hobo Woods,4,10,1,, ,94.000000000000000,LC(A),1,60,856820.809877999941818,1195017.776760000037029
32,4.18,6th Ave Swale,4,18,1,, ,105.000000000000000,LC(G),1,61,855201.341003000037745,1193702.448030000086874
33,4.42,Jungle Club Area,4,42,1,, ,106.000000000000000,LC(G),1,62,855961.387055999948643,1195567.960699999937788
34,2.26,Forest Cay,2,26,1,, ,54.000000000000000,LC(G),1,64,860184.404530999949202,1185100.750000000000000
35,2.41,Forest Park Ditch,2,41,1,, ,56.000000000000000,LC(G),1,68,859379.687964000040665,1186108.054089999990538
36,2.42,Forest Park Swale,2,42,1,, ,57.000000000000000,LC(G),1,69,859437.312521000043489,1186478.242659999988973
37,4.41,Catalina Oaks Holding Pond,4,41,1,, ,104.000000000000000,LC(G),1,70,856471.643582000047900,1195211.242259999969974
38,5.29,Retierment Center Swales,5,29,1,, ,107.000000000000000,LC(G),1,71,854840.872236000024714,1197195.683170000091195
39,5.28,Council On Aging Ditches,5,28,1,, ,108.000000000000000,LC(G),1,72,854283.718165999976918,1197602.985829999903217
40,5.20,15th Street North,5,20,1,, ,109.000000000000000,LC(G),1,73,854447.199466999969445,1198050.714930000016466
41,5.10,Rockridge Swales,5,10,1,, ,110.000000000000000,LC(G),1,74,855933.588555000023916,1198232.215880000032485
42,5.1,Power Plant Woods,5,1,1,, ,111.000000000000000,LC(G),1,75,856342.014576000045054,1200091.146209999918938
43,5.26,20th Street Pond,5,26,1,, ,116.000000000000000,LC(G),1,76,856766.117403000011109,1201423.967699999921024
44,5.4,Young's Park,5,4,1,, ,117.000000000000000,LC(G),1,77,857842.748451999970712,1202447.890519999898970
45,5.2,Power Plant,5,2,1,, ,112.000000000000000,LC(G),1,78,858106.950024000019766,1200112.070390000008047
46,4.46,Fairlane Harbor Ditch,4,46,1,, ,113.000000000000000,LC(G),1,79,857448.690513000008650,1197447.112789999926463
47,4.43,Indian River Apartments,4,43,1,, ,114.000000000000000,LC(G),1,80,856776.156095999991521,1196785.792260000016540
48,5.6,IR Boulevard Ditch West,5,6,1,, ,119.000000000000000,LC(G),1,81,856611.696123000001535,1202881.041230000089854
49,5.22,IR Boulevard Ditch East,5,22,1,, ,118.000000000000000,LC(G),1,82,856499.111703000031412,1204139.132539999904111
50,5.5,Doctor's Clinic North,5,5,1,, ,121.000000000000000,LC(G),1,83,856005.464067999972031,1203628.766770000103861
51,5.8,Doctor's Clinic South,5,8,1,, ,120.000000000000000,LC(G),1,84,856196.987962999963202,1203380.166870000073686
52,5.30,Royal Palm Swales,5,30,1,, ,123.000000000000000,LC(G),1,85,854941.364489000057802,1203949.485279999906197
53,6.3,Whipporwill,6,3,1,, ,125.000000000000000,LC(G),1,86,855345.185859999968670,1204736.991910000098869
54,5.31,Country Club Golf Course Swales,5,31,1,, ,124.000000000000000,LC(G),1,87,854159.325042000040412,1204274.977740000002086
55,6.42,Maintainance Shed Pond,6,42,1,, ,127.000000000000000,LC(G),1,88,853444.172273000003770,1205606.615830000024289
56,6.5,Melaleuca,6,5,1,, ,145.000000000000000,LC(G),1,91,855496.470990999951027,1209559.997690000105649
57,6.38,IR Boulevard Swales South,6,38,1,, ,144.000000000000000,LC(G),1,92,855438.379243999952450,1208178.947300000116229
58,5.9,Doctor's Clinic West,5,9,1,, ,122.000000000000000,LC(G),1,93,855536.661198999965563,1203054.414570000022650
59,6.39,Bbq Charlies East,6,39,1,, ,138.000000000000000,LC(G),1,94,857664.177942999987863,1208747.762769999913871
60,6.6,Savanna Oaks,6,6,1,, ,149.000000000000000,LC(G),1,98,853478.058031999971718,1207719.161150000058115
61,7.1,Hospital NW Ditch,7,1,1,, ,153.000000000000000,LC(G),1,100,851359.210562000051141,1208376.128670000005513
62,7.3,Hospital Ditch North,7,3,1,, ,152.000000000000000,LC(G),1,104,851516.126259000040591,1209426.726299999980256
63,7.5,Hospital Ditch South,7,5,1,, ,151.000000000000000,LC(G),1,105,852398.128759999992326,1208616.276480000000447
64,7.4,Hospital Ditch East,7,4,1,, ,150.000000000000000,LC(G),1,106,853021.304023999953642,1209152.944369999924675
65,2.33,Greenhouse,2,33,1,, ,48.000000000000000,LC(G),1,107,858392.617759000044316,1182797.674230000004172
66,4.38,Break Water Apartments,4,38,1,, ,115.000000000000000,LC(G),1,108,856829.249822000041604,1196047.967290000058711
67,22.2,County Park & A1A,22,2,1,, ,6.000000000000000,LC(G),3,110,874533.864358999999240,1173947.380240000085905
68,22.30,Park Center,22,30,1,, ,5.000000000000000,LC(G),3,111,874131.107945999945514,1173720.249460000079125
69,22.56,North County Line Impoundment,22,56,1,, ,3.000000000000000,LC(A),3,112,874492.715490999980830,1173574.579810000024736
70,22.63,Lukes Ditches,22,63,1,, ,14.000000000000000,LC(G),3,115,873941.264822000055574,1175537.853439999977127
71,22.7,North Oyster Bar Impoundment,22,7,1,, ,17.000000000000000,LC(A),3,117,872712.155402999953367,1177565.730949999997392
72,22.11,Seminole Shores Hole,22,11,1,, ,20.000000000000000,LC(G),3,118,873586.816055999952368,1178089.008769999956712
73,22.58,Seminole Shores North,22,58,1,, ,21.000000000000000,LC(G),3,119,872896.254772000014782,1178382.675509999971837
74,22.39,Seminole Shore South,22,39,1,, ,22.000000000000000,LC(G),3,120,872910.995884999982081,1178820.563409999944270
75,23.2,St. Chris' South,23,2,1,, ,23.000000000000000,LC(G),3,121,873281.427231000037864,1178786.299050000030547
76,23.20,Moorings South,23,20,1,, ,27.000000000000000,LC(G),3,123,873190.335548999952152,1179650.017139999894425
77,23.21,Moorings North,23,21,1,, ,28.000000000000000,LC(G),3,124,873032.345708000008017,1180283.303929999936372
78,23.10,A1A West Ditch,23,10,1,, ,30.000000000000000,LC(G),3,125,872895.949983000056818,1181205.318489999976009
79,23.6,Mooring Line Drive Ditch,23,6,1,, ,31.000000000000000,LC(G),3,126,872613.362621000036597,1181572.339739999966696
80,23.8,Regatta Drive Ditch,23,8,1,, ,32.000000000000000,LC(G),3,127,871992.114519999944605,1181998.858569999923930
81,23.9,A1A East Ditch,23,9,1,, ,33.000000000000000,LC(G),3,128,872269.511931000044569,1183444.616500000003725
82,24.4,Sandpoint Low Area,24,4,1,, ,35.000000000000000,LC(G),3,131,869033.716235000058077,1188530.643080000067130
83,24.6,Sandpoint North Dprn,24,6,1,, ,36.000000000000000,LC(G),3,132,869670.340618000016548,1188805.215039999922737
84,24.7,Fire Station Pond,24,7,1,, ,37.000000000000000,LC(G),3,133,870129.276708999997936,1188882.822170000057667
85,25.1,A1A East Ditch,25,1,1,, ,38.000000000000000,LC(G),3,135,869153.375772999948822,1189969.771769999992102
86,25.12,Power Station Ditch,25,12,1,, ,41.000000000000000,LC(G),3,136,867445.660027000005357,1191504.782480000052601
87,25.11,Shore Lane N/S Swale,25,11,1,, ,42.000000000000000,LC(G),3,137,867806.490013999980874,1191794.375729999970645
88,25.10,Mangrove Bay South Ditch,25,10,1,, ,43.000000000000000,LC(G),3,138,866920.869409000035375,1192020.415629999944940
89,25.9,Mangrove Bay North Hole,25,9,1,, ,44.000000000000000,LC(G),3,139,867302.997254000045359,1192082.363009999971837
90,25.7,Sunset Point North,25,7,1,, ,45.000000000000000,LC(G),3,140,867343.082475999952294,1192426.479120000032708
91,25.6,#575 A1A,25,6,1,, ,47.000000000000000,LC(G),3,141,866802.574370000045747,1193024.880489999894053
92,25.5,River Ridge,25,5,1,, ,48.000000000000000,LC(G),3,142,866124.992392000043765,1193513.693160000024363
93,26.3,Castaway Cove 1,26,3,1,, ,49.000000000000000,LC(G),3,143,865464.604605000000447,1196827.597950000083074
94,26.4,NW Castaway Cove,26,4,1,, ,50.000000000000000,LC(G),3,144,864373.452259000041522,1197135.297470000106841
95,26.1,Castaway Cove 2,26,1,1,, ,51.000000000000000,LC(G),3,145,865182.928987000021152,1196156.067139999940991
96,27.1,A1A East Ditch,27,1,1,, ,51.000000000000000,LC(G),3,146,863827.488783000037074,1201515.645659999921918
97,27.8,Riomar Drive,27,8,1,, ,60.000000000000000,LC(G),3,147,864285.713916999986395,1204267.721200000029057
98,27.6,SE Corner Eagle & Gayfeather,27,6,1,, ,61.000000000000000,LC(G),3,148,864005.543872999958694,1204484.878569999942556
99,27.4,NW Corner Eagle & Gayfeather,27,4,1,, ,62.000000000000000,LC(G),3,149,863851.114063999964856,1205252.057160000083968
100,28.2,SE Corner Eagle & Flamevine,28,2,1,, ,63.000000000000000,LC(G),3,150,863926.974149000016041,1205467.038679999997839
101,28.3,SE Corner Eagle & Dahlia,28,3,1,, ,64.000000000000000,LC(G),3,151,863850.432634999975562,1205680.973290000110865
102,28.9,Dahlia & Armstrong Swale,28,9,1,, ,57.000000000000000,LC(G),3,152,860994.389133000047877,1205401.127719999989495
103,28.5,Dahlia South Swale,28,5,1,, ,56.000000000000000,LC(G),3,153,861713.324703000020236,1204728.696980000007898
104,28.7,Dahlia NW Swale,28,7,1,, ,58.000000000000000,LC(G),3,154,861250.612701999954879,1205599.916699999943376
105,28.18,West Holding Pond,28,18,1,, ,55.000000000000000,LC(G),3,155,860871.588852999964729,1205706.008020000066608
106,28.8,Center For The Arts,28,8,1,, ,59.000000000000000,LC(G),3,156,861143.840933999978006,1205642.829009999986738
107,30.13,Tropic Drive,30,13,1,, ,69.000000000000000,LC(G),3,157,862499.735860000015236,1213953.967579999938607
108,31.15,Fire Station Woods,31,15,1,, ,71.000000000000000,LC(G),3,158,859206.435357999987900,1221037.489509999984875
109,31.32,Swale Ditch Park Shores,31,32,1,, ,74.000000000000000,LC(G),3,159,859634.401694000000134,1219896.536730000050738
110,31.35,Estuary At Sandpoint,31,35,1,, ,72.000000000000000,LC(G),3,161,858722.948135999962687,1220865.117150000063702
111,31.10,Sand Point # 10,31,10,1,, ,75.000000000000000,LC(G),3,162,858323.014880000031553,1218980.142569999909028
112,31.11,Sand Point # 11,31,11,1,, ,78.000000000000000,LC(G),3,163,858243.864120000042021,1218665.658619999885559
113,31.36,Sand Point Pump Station West,31,36,1,, ,80.000000000000000,LC(A),3,164,857183.758628000039607,1218271.252580000087619
114,31.4,Robles Del Mar Field,31,4,1,, ,70.000000000000000,LC(G),3,165,859863.187325999955647,1219052.445899999933317
115,31.8,Sand Point Spot # 8,31,8,1,, ,85.000000000000000,LC(G),3,167,859295.042793000000529,1218978.290539999958128
116,32.7,Water Tower Impoundment NE,32,7,1,, ,94.000000000000000,LC(A),3,168,858023.627027999958955,1220303.820039999904111
117,32.12,Water Tower NW,32,12,1,, ,91.000000000000000,LC(A),3,170,855540.319000000017695,1219942.626540000084788
118,32.10,Water Tower Impoundment,32,10,1,, ,90.000000000000000,LC(A),3,171,855978.097980999969877,1219579.693859999999404
119,32.37,Fred Tuerk Power Station,32,37,1,, ,95.000000000000000,LC(G),3,173,857888.072837000014260,1220657.303910000016913
120,34.3,Manatee Inlet,34,3,1,, ,99.000000000000000,LC(G),3,175,854163.789600000018254,1229297.359799999976531
121,34.1,Oyster Cut,34,1,1,, ,98.000000000000000,LC(G),3,177,852926.932492999942042,1227721.599829999962822
122,36.2,Old Winter Beach South Ditch,36,2,1,, ,103.000000000000000,LC(G),3,178,853442.347472999943420,1234988.339570000069216
123,36.3,Shores Subdivision,36,3,1,, ,104.000000000000000,LC(G),3,179,853116.852060999954119,1234847.445490000071004
124,36.5,Shores Subdivision NW,36,5,1,, ,105.000000000000000,LC(G),3,180,852625.526599999982864,1234428.061489999992773
125,36.7,Shores Island Sanctuary,36,7,1,, ,106.000000000000000,LC(G),3,181,853002.630176999955438,1234254.150089999893680
126,36.8,Shores Subdivision West,36,8,1,, ,107.000000000000000,LC(G),3,182,852750.882319999975152,1234124.313079999992624
127,36.25,East The Shores,36,25,1,, ,108.000000000000000,LC(G),3,183,854456.345118000055663,1233565.683949999976903
128,36.11,Shores Subdivision Low Area,36,11,1,, ,109.000000000000000,LC(G),3,184,854138.455990000045858,1233841.155839999904856
129,36.12,Shores Subdivision NE,36,12,1,, ,110.000000000000000,LC(G),3,185,854377.686810999992304,1234722.282679999945685
130,36.13,Shores Subdivision North,36,13,1,, ,111.000000000000000,LC(G),3,186,854123.332659999956377,1234805.784489999990910
131,36.1,Old Winter Beach North Ditch,36,1,1,, ,102.000000000000000,LC(G),3,188,854283.847103000036441,1235041.761050000088289
132,38.4,Chainlink  Ditch North,38,4,1,, ,110.000000000000000,LC(G),3,189,852944.149321999982931,1235166.863489999901503
133,38.8,Morningside Drive Ditches,38,8,1,, ,114.000000000000000,LC(G),3,191,853255.725143000017852,1236436.480370000004768
134,38.3,Chainlink Ditch South,38,3,1,, ,111.000000000000000,LC(G),3,192,852509.542907999944873,1235645.961279999930412
135,38.2,North-South Ditch,38,2,1,, ,117.000000000000000,LC(G),3,194,852389.492295000003651,1236651.510779999895021
136,38.10,West Morningside Ditch,38,10,1,, ,116.000000000000000,LC(G),3,195,852504.037341000046581,1236389.406979999970645
137,38.6,South Morningside Ditch,38,6,1,, ,115.000000000000000,LC(G),3,196,852824.548512000008486,1236467.107610000064597
138,38.27,Palm Fram,38,27,1,, ,118.000000000000000,LC(G),3,197,853428.059771999949589,1236816.898899999912828
139,38.26,Indian Trail West Ditch,38,26,1,, ,121.000000000000000,LC(G),3,199,852011.289311000029556,1238911.737889999989420
140,25.2,A1A West Ditch,25,2,1,, ,46.000000000000000,LC(G),3,201,867465.323700999957509,1192744.047060000011697
141,6.11,South Knights Impoundment,6,11,1,, ,3.000000000000000,LC(A),7,207,855880.452179000014439,1210105.632429999997839
142,6.52,South Knights Middle,6,52,1,, ,4.000000000000000,LC(A),7,210,854865.271136999945156,1210719.162699999986216
143,8.36,Knights Bridge,8,36,1,, ,18.000000000000000,LC(A),7,211,854005.720033999998122,1211295.728140000021085
144,8.41,NE Knights,8,41,1,, ,20.000000000000000,LC(A),7,215,854849.329568000044674,1211861.381869999924675
145,10.37,Indian River Blvd Swale,10,37,1,, ,16.000000000000000,LC(G),7,220,853254.922650999971665,1211310.156260000076145
146,6.54,The Place,6,54,1,, ,15.000000000000000,LC(G),7,221,853632.398930000024848,1210947.818080000113696
147,6.53,West Indian River Blvd,6,53,1,, ,6.000000000000000,LC(G),7,222,854435.329083999968134,1210126.387959999963641
148,6.21,West Blvd Triangle,6,21,1,, ,7.000000000000000,LC(G),7,225,854127.664672999992035,1210364.895689999917522
149,6.43,Md Specialists,6,43,1,, ,9.000000000000000,LC(G),7,227,853658.504849000019021,1210050.951429999899119
150,6.44,North 37th St Swale,6,44,1,, ,8.000000000000000,LC(G),7,230,853635.784094000002369,1209709.487220000009984
151,7.2,Cancer Center,7,2,1,, ,10.000000000000000,LC(G),7,231,851337.654831000021659,1209699.461320000002161
152,7.6,Health SE,7,6,1,, ,11.000000000000000,LC(G),7,233,850599.882683999952860,1209923.386729999911040
153,7.7,Health SW,7,7,1,, ,12.000000000000000,LC(G),7,234,850235.309266000054777,1210352.582720000064000
154,7.14,Family Clinic,7,14,1,, ,13.000000000000000,LC(G),7,236,849693.476688000024296,1209702.987889999989420
155,8.38,North Lab Woods,8,38,1,, ,24.000000000000000,LC(A),7,249,853530.939488000003621,1214539.708210000069812
156,8.4,Lab Ditches,8,4,1,, ,26.000000000000000,LC(A),7,251,853961.901881000027061,1214876.745259999996051
157,10.22,West Triangle,10,22,1,, ,28.000000000000000,LC(A),7,253,853878.801325000007637,1215182.556660000002012
158,10.20,Grand Harbor Pond,10,20,1,, ,29.000000000000000,LC(G),7,254,852633.934719000011683,1215730.293749999953434
159,10.14,West 11th Fairway,10,14,1,, ,32.000000000000000,LC(G),7,255,852923.332434999989346,1216369.112359999911860
160,10.13,South Road - 11th Fairway,10,13,1,, ,33.000000000000000,LC(G),7,256,853332.368034000042826,1215669.584560000104830
161,10.31,12th Green - 13th Tee,10,31,1,, ,34.000000000000000,LC(G),7,257,853668.206929999985732,1216345.391280000098050
162,10.30,West 13th Fairway,10,30,1,, ,35.000000000000000,LC(G),7,260,853281.579421999980696,1217196.392530000070110
163,10.29,North 14th Green,10,29,1,, ,37.000000000000000,LC(G),7,262,853248.056523000006564,1219223.123709999956191
164,10.3,Grand Harbor Village,10,3,1,, ,38.000000000000000,LC(G),7,263,852089.205165000050329,1219379.749709999887273
165,10.44,Marina Ditch,10,44,1,, ,39.000000000000000,LC(G),7,265,852298.279223000048660,1221103.946719999890774
166,10.1,Harbor Village,10,1,1,, ,40.000000000000000,LC(G),7,266,851380.327318000025116,1222290.678929999936372
167,10.42,Harbor Dump,10,42,1,, ,42.000000000000000,LC(G),7,269,850376.966790999984369,1220447.283009999897331
168,10.43,Toolshed Ditch,10,43,1,, ,43.000000000000000,LC(G),7,271,850787.125092000002041,1219983.871210000012070
169,6.48,Ir Blvd Swale North,6,48,1,, ,44.000000000000000,LC(G),7,272,848880.572144999983720,1218018.104790000012144
170,12.16,Busch West,12,16,1,, ,52.000000000000000,LC(A),7,274,849315.067011000006460,1226140.716179999988526
171,13.40,Fld 40,13,40,1,, ,55.000000000000000,LC(A),7,276,848272.836155000026338,1226954.251949999947101
172,13.41,Fld 41,13,41,1,, ,54.000000000000000,LC(A),7,277,848369.626971999998204,1227085.075510000111535
173,12.26,South 63 Street Ditch,12,26,1,, ,56.000000000000000,LC(G),7,280,847090.034386000013910,1226672.041230000089854
174,11.1,Cable Guide,11,1,1,, ,57.000000000000000,LC(G),7,281,846741.493416000041179,1225479.849390000104904
175,12.5,Winter Beach Marsh,12,5,1,, ,50.000000000000000,LC(A),7,283,850064.427718000020832,1224475.702120000030845
176,13.29,North Quay Dock,13,29,1,, ,62.000000000000000,LC(G),7,290,847102.767956999945454,1229116.740089999977499
177,13.19,Timinski Fld West,13,19,1,, ,61.000000000000000,LC(G),7,294,847516.835698000038974,1228831.563159999903291
178,13.36,Timinsky Imp,13,36,1,, ,60.000000000000000,LC(A),7,296,847598.945442000054754,1229620.952000000048429
179,13.22,SWB North Cell,13,22,1,, ,3.000000000000000,LC(A),2,303,847294.371247999952175,1231305.551979999989271
180,13.14,South Earring Pt Grove,13,14,1,, ,4.000000000000000,LC(G),2,307,846824.853485999978147,1230972.664520000107586
181,13.21,Earring Point Grove,13,21,1,, ,5.000000000000000,LC(G),2,308,847330.521765999961644,1230283.789259999990463
182,14.30,North Winter Beach Imp - A East,14,30,1,, ,6.000000000000000,LC(A),2,312,847065.908449999988079,1231797.822979999938980
183,14.29,North Winter Beach Imp - A West,14,29,1,, ,11.000000000000000,LC(A),2,314,846438.369021999998949,1231882.343809999991208
184,14.28,North 69 Street,14,28,1,, ,12.000000000000000,LC(G),2,316,845299.735144000034779,1231695.570559999905527
185,14.26,River Lakes South,14,26,1,, ,17.000000000000000,LC(G),2,321,844625.959916000021622,1233781.335419999901205
186,14.5,River Lakes East,14,5,1,, ,18.000000000000000,LC(G),2,322,844840.598594999988563,1234782.007960000075400
187,14.33,33 Ave Swale,14,33,1,, ,25.000000000000000,LC(G),2,325,843970.540623000008054,1234030.826390000060201
188,14.18,Luthers Triangle,14,18,1,, ,26.000000000000000,LC(A),2,326,844199.909587000031024,1235227.029050000011921
189,39.26,Saw Mill Ridge,39,26,1,, ,29.000000000000000,LC(G),2,329,842669.142635000054725,1234350.259809999959543
190,15.5,Hobart Ditch,15,5,1,, ,35.000000000000000,LC(G),2,335,843052.153679999988526,1237115.924550000112504
191,15.28,Hobart Grove Ditch,15,28,1,, ,37.000000000000000,LC(G),2,336,841432.484346000012010,1237996.598639999981970
192,15.8,Morgans Trail East,15,8,1,, ,42.000000000000000,LC(A),2,337,842480.405807000002824,1238181.189479999942705
193,15.29,Hales Grove,15,29,1,, ,47.000000000000000,LC(G),2,341,841032.893936999957077,1239715.294350000098348
194,16.6,Massey Road Field,16,6,1,, ,61.000000000000000,LC(G),2,355,840344.759814999997616,1243305.119849999900907
195,16.24,Massey Road Ditch,16,24,1,, ,67.000000000000000,LC(G),2,357,839991.021020999993198,1244020.529839999973774
196,16.9,Wabasso Grove,16,9,1,, ,69.000000000000000,LC(G),2,358,839136.143137000035495,1244394.374890000093728
197,16.25,West Koa,16,25,1,, ,70.000000000000000,LC(G),2,360,838318.218263000017032,1244256.523460000054911
198,16.7,Koa Fld,16,7,1,, ,68.000000000000000,LC(G),2,361,839328.064997000037692,1244076.365689999889582
199,15.3,Old Dixie Ditch East,15,3,1,, ,44.000000000000000,LC(G),2,364,838644.362951999995857,1240896.202100000111386
200,15.2,Old Dixie Ditch West,15,2,1,, ,43.000000000000000,LC(G),2,365,839284.782275000005029,1239363.816050000023097
201,14.32,77 Street Swale,14,32,1,, ,45.000000000000000,LC(G),2,366,841408.676651000045240,1236307.908779999939725
202,14.35,39 Ave Ditch,14,35,1,, ,46.000000000000000,LC(G),2,367,842205.295137000037357,1234383.462820000015199
203,17.20,Pelican Shops South,17,20,1,, ,71.000000000000000,LC(G),2,369,836612.049101999960840,1247446.901270000031218
204,17.31,95 Street Pond,17,31,1,, ,74.000000000000000,LC(G),2,373,836601.645907000056468,1248350.466070000082254
205,17.1,Pelican Pt Slough,17,1,1,, ,76.000000000000000,LC(G),2,374,837435.784330999944359,1249044.511590000009164
206,17.25,North Pelican Pt,17,25,1,, ,77.000000000000000,LC(A),2,376,836741.096416000043973,1249653.805979999946430
207,17.26,South Pelican Pt,17,26,1,, ,78.000000000000000,LC(A),2,377,836929.695120000047609,1249466.829320000018924
208,17.2,North 97th Lane,17,2,1,, ,79.000000000000000,LC(G),2,379,835717.165391999995336,1250163.563820000039414
209,17.4,South Vickers Woods,17,4,1,, ,84.000000000000000,LC(G),2,381,835145.957216999959201,1251034.470539999892935
210,17.3,Island View,17,3,1,, ,81.000000000000000,LC(A),2,382,835831.956173000042327,1250859.777320000110194
211,17.24,Vickers Marsh,17,24,1,, ,97.000000000000000,LC(A),2,386,834192.888583999942057,1254918.226890000049025
212,17.28,Vickers Middle Cell,17,28,1,, ,92.000000000000000,LC(A),2,392,835413.202089000027627,1252713.594150000018999
213,17.5,Billy Junior Street,17,5,1,, ,82.000000000000000,LC(G),2,393,834254.889116000034846,1251497.932869999902323
214,18.22,Old Dixie Ditch,18,22,1,, ,101.000000000000000,LC(G),2,397,831519.246292000054382,1256976.584319999907166
215,19.2,IR Drive Ditch West,19,2,1,, ,103.000000000000000,LC(G),2,402,830625.635218000039458,1259933.062660000054166
216,19.16,Seb CU Outlet,19,16,1,, ,104.000000000000000,LC(G),2,403,829804.147686999989673,1262019.790109999943525
217,19.11,Seb CU Outlet,19,11,1,, ,106.000000000000000,LC(G),2,404,829803.291716999956407,1262564.608909999951720
218,19.6,Seb CU Outlet,19,6,1,, ,107.000000000000000,LC(G),2,407,829727.225596999982372,1262797.149119999958202
219,19.26,512 Park Pond,19,26,1,, ,108.000000000000000,LC(G),2,408,829268.224546000012197,1263763.521540000103414
220,19.25,Main Street Pond,19,25,1,, ,110.000000000000000,LC(G),2,409,827954.349875999963842,1266627.155569999944419
221,39.27,Marsh Island,39,27,1,, ,115.000000000000000,LC(G),2,413,844243.578463000012562,1246223.294139999896288
222,41.25,Perimeter ELC,41,25,1,, ,116.000000000000000,LC(A),2,414,844779.448782999999821,1244703.278799999970943
223,41.29,Bayview East,41,29,1,, ,136.000000000000000,LC(G),2,418,848455.303965999977663,1241224.330379999941215
224,41.26,Bayview West,41,26,1,, ,137.000000000000000,LC(G),2,420,848132.392209999961779,1241222.507879999931902
225,39.29,Pine Island Delta,39,29,1,, ,123.000000000000000,LC(A),2,423,851090.469958000001498,1235831.787680000066757
226,39.18,House Pad,39,18,1,, ,129.000000000000000,LC(G),2,429,849767.712431999971159,1239262.591520000016317
227,52.30,Boat Ramp Pond,52,30,1,, ,7.000000000000000,LC(G),4,431,832679.605849000043236,1279117.891099999891594
228,52.6,South Ranger Station,52,6,1,, ,9.000000000000000,LC(A),4,433,834709.737287999945693,1280708.991919999942183
229,52.4,Inlet Center Trail,52,4,1,, ,12.000000000000000,LC(A),4,435,835794.117993999971077,1279041.120910000056028
230,52.3,Cactus Patch,52,3,1,, ,13.000000000000000,LC(A),4,436,836017.934147999971174,1278289.224780000047758
231,51.2,Ocean Entry,51,2,1,, ,14.000000000000000,LC(A),4,437,836816.761618999997154,1277139.209359999978915
232,51.5,Log Pond,51,5,1,, ,15.000000000000000,LC(A),4,438,837337.508937999955378,1276013.779850000049919
233,50.5,Lot 12860,50,5,1,, ,18.000000000000000,LC(G),4,441,839999.293314000009559,1270557.680849999887869
234,48.9,North Jungle Trail Ditch,48,9,1,, ,37.000000000000000,LC(G),4,442,841867.123896999983117,1264429.127159999916330
235,49.26,Birds North Face,49,26,1,, ,26.000000000000000,LC(A),4,443,840724.992977999965660,1265739.905379999894649
236,49.27,Birds NW,49,27,1,, ,27.000000000000000,LC(A),4,444,840056.399170999997295,1265683.344139999942854
237,50.6,East & West A1A Ditches,50,6,1,, ,19.000000000000000,LC(G),4,446,841500.293921999982558,1266345.078049999894574
238,50.2,Blue Wall Spot,50,2,1,, ,20.000000000000000,LC(G),4,448,841876.119942000019364,1265596.069380000000820
239,50.1,Shorby Patch,50,1,1,, ,21.000000000000000,LC(G),4,449,841952.395051999948919,1265514.426170000107959
240,46.24,Sanderling Spot,46,24,1,, ,65.000000000000000,LC(G),4,450,848310.864294999977574,1252563.523920000065118
241,49.4,Centennial Park Field,49,4,1,, ,49.000000000000000,LC(A),4,453,840730.182273000013083,1261399.749030000064522
242,49.1,Centennial Pickle Weed,49,1,1,, ,50.000000000000000,LC(A),4,454,841061.463761999970302,1261343.090349999954924
243,49.3,Centennial Woods,49,3,1,, ,51.000000000000000,LC(A),4,455,840814.876001000055112,1260559.230370000004768
244,48.4,Centennial Park East,48,4,1,, ,52.000000000000000,LC(A),4,456,841080.004735999973491,1260546.882949999999255
245,48.6,Lier Woods,48,6,1,, ,54.000000000000000,LC(G),4,458,842698.037589999963529,1259084.747429999988526
246,46.4,Short Swale Jungle Trail,46,4,1,, ,63.000000000000000,LC(G),4,459,846279.748604999971576,1253826.967909999890253
247,46.19,Ocean Way West,46,19,1,, ,56.000000000000000,LC(G),4,460,844140.557672000024468,1257793.995090000098571
248,46.17,Palmetto Woods,46,17,1,, ,58.000000000000000,LC(G),4,463,844405.803205000003800,1258505.384739999892190
249,46.16,110 Place Woods,46,16,1,, ,59.000000000000000,LC(G),4,464,844365.227169999969192,1258791.581669999985024
250,48.7,Kennedy Grove Ditch,48,7,1,, ,55.000000000000000,LC(G),4,465,842695.166532999952324,1258600.939010000089183
251,48.1,West Jungle Trail Swale,48,1,1,, ,61.000000000000000,LC(A),4,466,843216.393837000010535,1255744.149449999909848
252,46.3,Long Swale West Jungle Trail,46,3,1,, ,62.000000000000000,LC(G),4,467,844856.508339999942109,1253769.456220000050962
253,43.31,Orchid Culex Swale,43,31,1,, ,68.000000000000000,LC(G),4,468,846872.198535999981686,1252678.292720000026748
254,43.32,510 North Jungle Trail,43,32,1,, ,92.000000000000000,LC(G),4,469,848211.058063999982551,1248140.517669999971986
255,43.13,Tennis Court Grove,43,13,1,, ,93.000000000000000,LC(G),4,470,847689.481022999971174,1247451.774620000040159
256,43.11,Sea Breeze Field 2,43,11,1,, ,91.000000000000000,LC(G),4,472,847286.156041000038385,1248539.926320000085980
257,43.12,Sea Breeze Field 1,43,12,1,, ,90.000000000000000,LC(G),4,473,847341.316692000022158,1248311.869359999895096
258,43.29,Sea Spray Field,43,29,1,, ,67.000000000000000,LC(G),4,474,847695.337638000026345,1250390.344529999885708
259,43.30,Sea Spray Ditch North,43,30,1,, ,66.000000000000000,LC(G),4,475,848121.019857999985106,1250762.829679999966174
260,43.36,North Deerfield Flag Trail,43,36,1,, ,84.000000000000000,LC(A),4,479,844504.328597999992780,1252229.416639999952167
261,42.4,Jungle Trail Ditch,42,4,1,, ,96.000000000000000,LC(G),4,481,848195.152911999961361,1246730.812149999896064
262,41.6,Joe Michaels Drive Ditch North,41,6,1,, ,98.000000000000000,LC(G),4,482,847883.146318000042811,1245791.316330000059679
263,40.12,East Captain Forster,40,12,1,, ,103.000000000000000,LC(A),4,485,851893.093024999951012,1242672.477089999942109
264,10.8,East 14th Fairway,10,8,1,, ,36.000000000000000,LC(G),7,487,853746.980393999954686,1218761.353970000054687
265,13.45,Trailer Park Woods,13,45,1,, ,63.000000000000000,LC(G),7,489,844593.542658000020310,1228924.647619999945164
266,15.25,Morgans Woods,15,25,1,, ,38.000000000000000,LC(A),2,495,842420.982369999983348,1238105.340550000080839
267,39.31,Riverview Fld,39,31,1,, ,140.000000000000000,LC(G),2,496,847204.711979000014253,1242729.833929999964312
268,39.22,Sea Crest North,39,22,1,, ,139.000000000000000,LC(G),2,497,848452.064471999998204,1241973.460440000053495
269,39.23,Sea Crest South,39,23,1,, ,135.000000000000000,LC(G),2,498,849102.280034999945201,1241084.390039999969304
270,17.6,Pelican Shops North,17,6,1,, ,72.000000000000000,LC(G),2,501,836535.788098999997601,1247729.295390000101179
271,19.5,South Celeveland Pond,19,5,1,, ,109.000000000000000,LC(G),2,503,828940.532616000040434,1263999.281560000032187
272,20.3,Inlet Drive Ponds,20,3,1,, ,111.000000000000000,LC(G),2,504,823498.951959999976680,1274662.202830000082031
273,20.2,Grand Oak Est.,20,2,1,, ,112.000000000000000,LC(G),2,506,823148.423460999969393,1275407.076339999912307
274,49.28,Birds SW,49,28,1,, ,32.000000000000000,LC(A),4,507,838004.668036999995820,1264894.130820000078529
275,49.5,Centennial Park West,49,5,1,, ,48.000000000000000,LC(A),4,508,839454.348537000012584,1261213.717579999938607
276,43.16,West Wind Court Field 2,43,16,1,, ,89.000000000000000,LC(G),4,509,846704.230040000053123,1249162.139309999998659
277,43.14,West Wind Court Field 1,43,14,1,, ,88.000000000000000,LC(G),4,510,846408.376957000000402,1248710.963049999903888
278,41.5,Joe Michaels Drive Ditch South,41,5,1,, ,97.000000000000000,LC(G),4,511,847488.240939000039361,1245700.657390000065789
279,22.67,North Park North Adir,22,67,1,, ,7.000000000000000,LC(A),3,758,874326.055391000001691,1174438.273620000109076
280,22.53,East Oyster Bar North Point,22,53,1,, ,16.000000000000000,LC(A),3,802,872322.484265999984927,1177283.927380000008270
281,14.16,River Lakes Grove,14,16,1,, ,27.000000000000000,LC(G),2,814,843633.747005000011995,1233643.341930000111461
282,39.28,Pine Island West Bridge,39,28,1,, ,122.000000000000000,LC(A),2,817,847972.159918999997899,1235607.546659999992698
283,22.59,East County Line,22,59,1,, ,2.000000000000000,LC(A),3,845,874604.553194000036456,1173219.594620000105351
284,25.15,Shoreland West,25,15,1,, ,40.000000000000000,LC(G),3,848,867204.505981000023894,1191454.672010000096634
285,28.13,Holding Pond,28,13,1,, ,53.000000000000000,LC(G),3,850,860733.256780999945477,1206823.551720000104979
286,28.15,Theater Pond,28,15,1,, ,66.000000000000000,LC(G),3,851,861113.851492000045255,1206895.192319999914616
287,28.19,Boat Ramp,28,19,1,, ,67.000000000000000,LC(G),3,853,860052.664309000014327,1207231.013169999932870
288,31.43,Fred Tuerk Ditches,31,43,1,, ,73.000000000000000,LC(G),3,855,858278.254471000051126,1220641.263590000104159
289,36.26,South Jungle Trail Woods,36,26,1,, ,109.000000000000000,LC(G),3,856,853231.498813000041991,1235410.150730000110343
290,38.28,Orchid Island Fruit Stand,38,28,1,, ,120.000000000000000,LC(G),3,858,853366.205564999952912,1237901.663140000076964
291,48.19,Ocean Hideaway Pond,48,19,1,, ,64.000000000000000,LC(G),4,860,843448.048885999945924,1262684.606699999887496
292,43.48,South Orchid Gully,43,48,1,, ,94.000000000000000,LC(G),4,861,846180.698933999985456,1247146.691240000072867
293,11.2,Cable Guide Ditches,11,2,1,, ,45.000000000000000,LC(G),7,862,847405.972075000056066,1223267.659590000053868
294,12.3,Winter Beach Grove East,12,3,1,, ,48.000000000000000,LC(G),7,864,849168.782526999944821,1224069.670450000092387
295,12.27,Winter Beach Field West,12,27,1,, ,51.000000000000000,LC(A),7,866,849150.130988999968395,1224941.150660000042990
296,53.3,Island IR 1 Middle,53,3,1,, ,2.000000000000000,LC(A),6,874,825464.450326999998651,1276285.582129999995232
297,62.4,Island IR 3,62,4,1,, ,3.000000000000000,LC(A),6,875,827937.876811999944039,1270156.606519999913871
298,62.5,Island IR 5,62,5,1,, ,4.000000000000000,LC(A),6,876,830941.779927000054158,1267676.388710000086576
299,19.24,Island IR 6 South,19,24,1,, ,6.000000000000000,LC(A),6,878,831750.889857999980450,1265624.941039999946952
300,19.8,Island IR 9 A South,19,8,1,, ,8.000000000000000,LC(A),6,880,831833.711214000009932,1262165.514889999991283
301,47.4,Paul Island NE,47,4,1,, ,14.000000000000000,LC(A),6,886,838010.197881000000052,1257495.245679999934509
302,47.7,Paul Island South,47,4,1,, ,15.000000000000000,LC(A),6,887,837960.424031000002287,1255827.848430000012740
303,47.5,Paul Island West,47,5,1,, ,16.000000000000000,LC(A),6,888,837375.590882000047714,1256151.374679999891669
304,47.6,Paul Island SW,47,6,1,, ,17.000000000000000,LC(A),6,889,837101.839133000001311,1256798.424899999983609
305,46.35,Nelson Island,46,35,1,, ,18.000000000000000,LC(A),6,890,839752.253781000035815,1254247.549750000005588
306,46.7,Horseshoe NE,46,7,1,, ,24.000000000000000,LC(A),6,895,842125.139456999953836,1256540.692469999892637
307,45.6,Preacher's Island East,45,6,1,, ,28.000000000000000,LC(A),6,899,842944.523645999957807,1249507.616309999953955
308,45.7,Preacher's Island West,45,7,1,, ,29.000000000000000,LC(A),6,901,842452.540376999997534,1249812.986759999999776
309,41.43,Boat Ramp Slough,41,43,1,, ,30.000000000000000,LC(G),6,902,843156.372959999949671,1244758.484070000005886
310,34.18,North Sister Island South,34,18,1,, ,45.000000000000000,LC(A),6,910,851807.891423000022769,1228489.259379999944940
311,36.33,Island IR 23 A,36,33,1,, ,47.000000000000000,LC(A),6,912,851918.854456000030041,1232794.612979999976233
312,34.5,Ski Island North,34,5,1,, ,2.000000000000000,LC(A),5,916,852449.000050000031479,1225213.271510000107810
313,11.9,Island IR 26,11,9,1,, ,4.000000000000000,LC(A),5,918,853095.368508000043221,1222798.527650000061840
314,30.51,Pighead Island,30,51,1,, ,13.000000000000000,LC(A),5,923,858357.573537999996915,1212767.991600000066683
315,59.5,Island IR 32 West,59,5,1,, ,19.000000000000000,LC(A),5,928,860122.719614999950863,1203705.316150000086054
316,59.2,Island IR 33 Middle,59,2,1,, ,21.000000000000000,LC(A),5,929,860350.650262000039220,1200442.131730000022799
317,59.3,Island IR 33 North,59,3,1,, ,22.000000000000000,LC(A),5,931,860180.738856000010855,1200712.732240000041202
318,58.3,Island IR 34 North,58,3,1,, ,23.000000000000000,LC(A),5,932,859236.782082000048831,1198573.106600000057369
319,58.5,Island IR 34 West,58,5,1,, ,25.000000000000000,LC(A),5,934,859406.693487999960780,1197931.218120000092313
320,58.6,Island IR 34 South,58,6,1,, ,26.000000000000000,LC(A),5,935,859469.623808000003919,1197805.357480000006035
321,58.2,Island IR 35 North,58,2,1,, ,28.000000000000000,LC(A),5,936,861867.267309000017121,1196093.649939999915659
322,26.5,North Prang Island,26,5,1,, ,30.000000000000000,LC(A),5,938,863842.672152000013739,1196198.073619999922812
323,57.2,Island IR 36 East,57,2,1,, ,32.000000000000000,LC(A),5,940,863200.830915000056848,1193593.248119999887422
324,56.1,Island IR 37 Middle,56,1,1,, ,35.000000000000000,LC(A),5,942,862316.582027000025846,1189336.360630000010133
325,56.2,Island IR 37 South,56,2,1,, ,36.000000000000000,LC(A),5,943,862528.436262000002898,1188897.518660000059754
326,55.4,Island IR 38 North,55,4,1,, ,37.000000000000000,LC(A),5,944,863189.401804000022821,1186526.923660000087693
327,55.5,Island IR 38 South,55,5,1,, ,39.000000000000000,LC(A),5,946,863160.141364000039175,1186138.741039999993518
328,55.9,Island IR 39 South,55,9,1,, ,41.000000000000000,LC(A),5,948,864245.761568999965675,1183417.911180000053719
329,54.4,Island IR 42 South,54,4,1,, ,46.000000000000000,LC(A),5,952,865904.342898000031710,1175223.092260000063106
330,7.10,Palm Gardens Swale,7,10,1,, ,154.000000000000000,LC(G),1,956,850233.850606999942102,1209574.307040000101551
331,7.12,Palm Gardens South,7,12,1,, ,155.000000000000000,LC(G),1,957,849997.728375999955460,1209068.258189999964088
332,7.9,Orange Blossom Village Woods,7,9,1,, ,156.000000000000000,LC(G),1,958,850026.777202000026591,1207927.353319999994710
333,7.11,Hospital Woods,7,11,1,, ,157.000000000000000,LC(G),1,959,853527.912590999971144,1208282.992370000109076
334,28.6,Dahlia NE Swale,28,6,1,, ,65.000000000000000,LC(G),3,960,863598.737928000045940,1206954.767329999944195
335,14.46,73rd Street Swales,14,46,1,8/26/2008 0:00:00, ,28.000000000000000,LC(G),2,990,843180.824025999987498,1233616.678920000093058
336,14.47,77th East Field,14,47,1,8/26/2008 0:00:00, ,30.000000000000000,LC(G),2,991,841873.025131999980658,1236218.340390000026673
337,14.48,79th Street Swales,14,48,1,8/26/2008 0:00:00, ,36.000000000000000,LC(G),2,992,841305.962289000046439,1237637.407760000089183
338,15.37,Bristol Bay Field East,15,37,1,8/26/2008 0:00:00, ,52.000000000000000,LC(G),2,993,840744.541823999956250,1240631.767260000109673
339,15.38,Bristol Bay Field West,15,38,1,8/26/2008 0:00:00, ,53.000000000000000,LC(G),2,994,839774.751767999958247,1240536.551239999942482
340,16.26,Bristol Bay Field NW,16,26,1,8/26/2008 0:00:00, ,64.000000000000000,LC(G),2,995,839802.963982000015676,1242063.530150000005960
341,16.27,Bristol Bay Filed North,16,27,1,8/26/2008 0:00:00, ,63.000000000000000,LC(G),2,996,840007.501303000026383,1242592.506449999986216
342,16.28,Wabasso Palm Farm,16,28,1,8/26/2008 0:00:00, ,58.000000000000000,LC(G),2,997,839665.429807999986224,1242871.100709999911487
343,16.29,Citgo Swales,16,29,1,8/26/2008 0:00:00, ,65.000000000000000,LC(G),2,998,838998.919657999998890,1242056.477010000031441
344,16.30,Exxon Ponds South,16,30,1,8/26/2008 0:00:00, ,54.000000000000000,LC(G),2,999,838582.791552999988198,1242458.499169999966398
345,16.31,Exxon Ponds Middle,16,31,1,8/26/2008 0:00:00, ,55.000000000000000,LC(G),2,1000,838660.374731000047177,1242529.029210000066087
346,16.32,Exxon Ponds North,16,32,1,8/26/2008 0:00:00, ,56.000000000000000,LC(G),2,1001,838625.109708999982104,1242712.407780000008643
347,16.33,Burger King Swales,16,33,1,8/26/2008 0:00:00, ,57.000000000000000,LC(G),2,1002,838804.961711999960244,1242959.263590000104159
348,17.38,95th Street Swales,17,38,1,8/26/2008 0:00:00, ,73.000000000000000,LC(G),2,1003,836488.845935999997891,1248288.290010000113398
349,17.39,North 97th Field,17,39,1,8/26/2008 0:00:00, ,80.000000000000000,LC(G),2,1004,836126.485112000023946,1250295.351939999964088
350,17.30,Barber Street West,17,30,1,8/26/2008 0:00:00, ,66.000000000000000,LC(G),2,1005,840876.546808999963105,1243363.436999999918044
351,19.27,Pelican Pub Pond,19,27,1,7/9/2009 0:00:00, ,110.099999999999994,LC(G),2,1006,827757.643904000055045,1266937.942030000034720
352,19.28,Sebastian Boat Ramp Pond,19,28,1,7/9/2009 0:00:00, ,109.099999999999994,LC(G),2,1007,828034.299847000045702,1266594.330839999951422
353,19.29,Chamber of Commerce Ponds,19,29,1,7/9/2009 0:00:00, ,109.200000000000003,LC(G),2,1008,827861.078081000014208,1266564.510359999956563
354,19.30,Tag Office Field South,19,30,1,7/9/2009 0:00:00, ,103.400000000000006,LC(G),2,1009,829891.878154000034556,1261746.961919999914244
355,19.31,Ferndale Swale South,19,31,1,7/9/2009 0:00:00, ,103.299999999999997,LC(G),2,1010,830376.023511999985203,1261254.559029999887571
356,19.32,Sebastian River Edge,19,32,1,7/9/2009 0:00:00, ,103.200000000000003,LC(G),2,1011,830859.809618000057526,1261117.664619999937713
357,19.33,Mead's Cove,19,33,1,7/9/2009 0:00:00, ,103.099999999999994,LC(G),2,1012,830329.753263000049628,1260744.653560000006109
358,17.40,Jong's Produce,17,40,1,7/9/2009 0:00:00, ,82.099999999999994,LC(G),2,1013,834106.886458999942988,1251343.956139999907464
359,39.41,Bayview Court East,39,41,1,7/9/2009 0:00:00, ,127.099999999999994,LC(G),2,1014,850137.271075999946333,1238574.472159999888390
360,14.49,South 77th Street Woods,14,49,1,7/9/2009 0:00:00, ,45.100000000000001,LC(G),2,1015,841518.949723999947309,1236052.723590000066906
361,14.51,Winter Beach Center Cell,14,51,1,7/9/2009 0:00:00, ,9.199999999999999,LC(A),2,1017,845512.262933999998495,1233403.185580000048503
362,14.52,Winter Beach Rim Ditch,14,52,1,7/9/2009 0:00:00, ,9.100000000000000,LC(G),2,1018,845691.842627999954857,1233167.199830000055954
363,6.69,47th Street South Pond,6,69,1,7/9/2009 0:00:00, ,44.100000000000001,LC(G),7,1019,848480.565727000008337,1215927.221510000061244
364,3.37,Orca 19 West Gully,3,37,1,7/9/2009 0:00:00, ,72.099999999999994,LC(A),1,1022,859410.091774999978952,1187829.824599999934435
365,1.84,Northwest Bills,1,84,1,7/9/2009 0:00:00, ,34.100000000000001,LC(A),1,1023,861966.791388000012375,1178916.400159999961033
